<?xml version="1.0" encoding="UTF-8"?>
<project-private xmlns="http://www.netbeans.org/ns/project-private/1">
    <editor-bookmarks xmlns="http://www.netbeans.org/ns/editor-bookmarks/2" lastBookmarkId="0"/>
    <open-files xmlns="http://www.netbeans.org/ns/projectui-open-files/2">
        <group>
            <file>file:/D:/Documents/Eclipse%20Workspace/InventoryManagement/src/com/inventory/UI/SalesPage.java</file>
            <file>file:/D:/Documents/Eclipse%20Workspace/InventoryManagement/src/com/inventory/UI/PurchasePage.java</file>
            <file>file:/D:/Documents/Eclipse%20Workspace/InventoryManagement/src/com/inventory/UI/Dashboard.java</file>
            <file>file:/D:/Documents/Eclipse%20Workspace/InventoryManagement/src/com/inventory/UI/ProductPage.java</file>
            <file>file:/D:/Documents/Eclipse%20Workspace/InventoryManagement/src/com/inventory/UI/UserLogsPage.java</file>
        </group>
    </open-files>
</project-private>
